358_cause_recode,detail_age
93,71.3812593310644
175,87.29108844263169
211,75.10510462000418
215,79.89501184902606
267,77.20969863327043
